{
    "units": 200,
    "sr": 0.01347061603948678,
    "mu": 0.4136199339809221,
    "input_scaling": 0.007446118287675047,
    "learning_rate": 0.0008047285778759437,
    "connectivity": 0.28208574756545957,
    "activation": "sigmoid",
    "ridge": 3.764118712632011e-07,
    "epochs": 100,
    "warmup": 15,
    "seed": 12345,
    "n_instances": 5,
    "score": 0.9855963264343648
}