{
    "units": 100,
    "sr": 0.23763138091516603,
    "mu": 0.4715461983413208,
    "input_scaling": 0.013781736798856041,
    "learning_rate": 5.6888744926051096e-05,
    "connectivity": 0.1829187609799811,
    "activation": "tanh",
    "ridge": 0.6894146569117366,
    "epochs": 100,
    "warmup": 15,
    "seed": 12345,
    "n_instances": 5,
    "score": 0.6715739128593086
}